id;umane;first_name;last_name;email;phone_number;hire_date
1;calculate Investment Account;Ralph;Carter;Lazaro.Jacobs63@hotmail.com;Concrete system;2019-12-27T09:20:57
2;Granite frame;Bert;Crooks;Harmon75@yahoo.com;Assistant;2019-12-27T11:07:44
3;maximized;Dominic;Champlin;Jaycee_Turcotte65@gmail.com;Switchable Garden;2019-12-27T01:08:51
4;Isle indigo;Garfield;Crist;Summer_Legros31@gmail.com;internet solution Games Singapore;2019-12-26T14:17:59
5;Granite infrastructures;Brian;Hayes;Bill_Doyle@gmail.com;lime payment portals;2019-12-27T05:07:01
6;Accounts deposit Decentralized;Lelia;Little;Carol.Rempel@hotmail.com;Identity;2019-12-26T13:10:46
7;payment Expressway;Vicky;Keeling;Edwin52@gmail.com;Cambridgeshire Illinois;2019-12-27T12:04:45
8;Electronics;Mariela;Spinka;Hope_Cruickshank98@hotmail.com;white;2019-12-27T08:40:14
9;Forward Shoes;Cindy;Collier;Daniela.Schimmel49@gmail.com;deliverables;2019-12-26T23:30:53
10;Home Loan Account;Aurelio;Bednar;Erick33@hotmail.com;withdrawal;2019-12-27T08:36:49
