id;title;description;max_scoring;h_5_p_link;link
1;withdrawal Moldovan Leu Intelligent;Analyst Technician;64152;matrices;payment Chair methodologies
2;deposit;morph Rubber;80834;back-end;Turnpike Stream circuit
3;transmit Usability Wisconsin;withdrawal Licensed Fresh Chair zero administration;17881;Fresh back up Pa'anga;web-enabled back-end optical
4;Ramp;driver Gorgeous Soft Car Applications;9752;recontextualize Checking Account integrate;sensor
5;programming;Agent;44063;Executive multi-tasking;real-time navigate Applications
6;mint green Technician methodical;index THX optimize;14730;logistical;Borders
7;Checking Account;transparent Organized Rubber;77602;Micronesia payment Gorgeous Frozen Bacon;Colombian Peso Unidad de Valor Real initiatives
8;Shirt;navigate;85725;24/7;matrix card
9;collaboration Egyptian Pound homogeneous;compressing definition Lodge;67081;Accountability reintermediate;Investor solutions
10;Maryland Designer;coherent;86184;Cotton;Oregon auxiliary
